{
    "name": "root",
    "gauges": {
        "AgentBehavior.Policy.Entropy.mean": {
            "value": 5.757293224334717,
            "min": 5.697518825531006,
            "max": 6.766520977020264,
            "count": 33
        },
        "AgentBehavior.Policy.Entropy.sum": {
            "value": 347418.09375,
            "min": 340233.875,
            "max": 418604.0625,
            "count": 33
        },
        "AgentBehavior.Step.mean": {
            "value": 1979975.0,
            "min": 59970.0,
            "max": 1979975.0,
            "count": 33
        },
        "AgentBehavior.Step.sum": {
            "value": 1979975.0,
            "min": 59970.0,
            "max": 1979975.0,
            "count": 33
        },
        "AgentBehavior.Policy.ExtrinsicBaselineEstimate.mean": {
            "value": 133.9989776611328,
            "min": 27.92953109741211,
            "max": 138.245361328125,
            "count": 33
        },
        "AgentBehavior.Policy.ExtrinsicBaselineEstimate.sum": {
            "value": 263174.0,
            "min": 30108.03515625,
            "max": 276905.46875,
            "count": 33
        },
        "AgentBehavior.Policy.ExtrinsicValueEstimate.mean": {
            "value": 133.5922088623047,
            "min": 43.02976989746094,
            "max": 137.34361267089844,
            "count": 33
        },
        "AgentBehavior.Policy.ExtrinsicValueEstimate.sum": {
            "value": 262375.09375,
            "min": 46386.09375,
            "max": 275099.25,
            "count": 33
        },
        "AgentBehavior.Environment.EpisodeLength.mean": {
            "value": 29.63360739979445,
            "min": 28.828528827037772,
            "max": 179.11486486486487,
            "count": 33
        },
        "AgentBehavior.Environment.EpisodeLength.sum": {
            "value": 57667.0,
            "min": 53018.0,
            "max": 61940.0,
            "count": 33
        },
        "AgentBehavior.Environment.CumulativeReward.mean": {
            "value": 77.02868852459017,
            "min": 76.01351351351352,
            "max": 77.56653992395437,
            "count": 33
        },
        "AgentBehavior.Environment.CumulativeReward.sum": {
            "value": 150360.0,
            "min": 22500.0,
            "max": 154670.0,
            "count": 33
        },
        "AgentBehavior.Policy.ExtrinsicReward.mean": {
            "value": 368.59289773883387,
            "min": 360.9632139826143,
            "max": 368.59289773883387,
            "count": 33
        },
        "AgentBehavior.Policy.ExtrinsicReward.sum": {
            "value": 719493.3363862038,
            "min": 106845.11133885384,
            "max": 740321.1128482819,
            "count": 33
        },
        "AgentBehavior.Environment.GroupCumulativeReward.mean": {
            "value": 73.9105189161711,
            "min": 65.38888936711324,
            "max": 74.05452012967703,
            "count": 33
        },
        "AgentBehavior.Environment.GroupCumulativeReward.sum": {
            "value": 144273.332924366,
            "min": 19355.11125266552,
            "max": 148491.1115913391,
            "count": 33
        },
        "AgentBehavior.Losses.PolicyLoss.mean": {
            "value": 0.02230061739171813,
            "min": 0.020588636838268334,
            "max": 0.02648318601697813,
            "count": 33
        },
        "AgentBehavior.Losses.PolicyLoss.sum": {
            "value": 0.13380370435030878,
            "min": 0.10949825581240778,
            "max": 0.15889911610186877,
            "count": 33
        },
        "AgentBehavior.Losses.ValueLoss.mean": {
            "value": 24.114056936899818,
            "min": 19.380559991200766,
            "max": 608.6158245849609,
            "count": 33
        },
        "AgentBehavior.Losses.ValueLoss.sum": {
            "value": 144.68434162139891,
            "min": 96.90279995600383,
            "max": 3043.079122924805,
            "count": 33
        },
        "AgentBehavior.Losses.BaselineLoss.mean": {
            "value": 26.874916055467395,
            "min": 25.210493545532227,
            "max": 1491.0137638346353,
            "count": 33
        },
        "AgentBehavior.Losses.BaselineLoss.sum": {
            "value": 161.24949633280437,
            "min": 126.05246772766114,
            "max": 7455.068819173176,
            "count": 33
        },
        "AgentBehavior.Policy.LearningRate.mean": {
            "value": 0.0003,
            "min": 0.0003,
            "max": 0.0003,
            "count": 33
        },
        "AgentBehavior.Policy.LearningRate.sum": {
            "value": 0.0017999999999999997,
            "min": 0.0014999999999999998,
            "max": 0.0017999999999999997,
            "count": 33
        },
        "AgentBehavior.Policy.Epsilon.mean": {
            "value": 0.2000000000000001,
            "min": 0.2000000000000001,
            "max": 0.2000000000000001,
            "count": 33
        },
        "AgentBehavior.Policy.Epsilon.sum": {
            "value": 1.2000000000000006,
            "min": 1.0000000000000004,
            "max": 1.2000000000000006,
            "count": 33
        },
        "AgentBehavior.Policy.Beta.mean": {
            "value": 0.010000000000000002,
            "min": 0.010000000000000002,
            "max": 0.010000000000000002,
            "count": 33
        },
        "AgentBehavior.Policy.Beta.sum": {
            "value": 0.06000000000000001,
            "min": 0.05000000000000001,
            "max": 0.06000000000000001,
            "count": 33
        },
        "AgentBehavior.IsTraining.mean": {
            "value": 1.0,
            "min": 1.0,
            "max": 1.0,
            "count": 33
        },
        "AgentBehavior.IsTraining.sum": {
            "value": 1.0,
            "min": 1.0,
            "max": 1.0,
            "count": 33
        }
    },
    "metadata": {
        "timer_format_version": "0.1.0",
        "start_time_seconds": "1639287016",
        "python_version": "3.9.6 (tags/v3.9.6:db3ff76, Jun 28 2021, 15:26:21) [MSC v.1929 64 bit (AMD64)]",
        "command_line_arguments": "C:\\Users\\Caleb\\Code\\python-envs\\group-simulation-env\\Scripts\\mlagents-learn config\\GroupSimulation.yaml --run-id=AgentRankingsAndAcceptedRankings",
        "mlagents_version": "0.27.0",
        "mlagents_envs_version": "0.27.0",
        "communication_protocol_version": "1.5.0",
        "pytorch_version": "1.10.0+cu113",
        "numpy_version": "1.21.3",
        "end_time_seconds": "1639287961"
    },
    "total": 944.6044211,
    "count": 1,
    "self": 0.004963899999893329,
    "children": {
        "run_training.setup": {
            "total": 0.06437859999999995,
            "count": 1,
            "self": 0.06437859999999995
        },
        "TrainerController.start_learning": {
            "total": 944.5350786,
            "count": 1,
            "self": 0.46221950000619927,
            "children": {
                "TrainerController._reset_env": {
                    "total": 13.101966,
                    "count": 1,
                    "self": 13.101966
                },
                "TrainerController.advance": {
                    "total": 930.8881242999939,
                    "count": 36132,
                    "self": 0.43130479998580995,
                    "children": {
                        "env_step": {
                            "total": 278.9557623000019,
                            "count": 36132,
                            "self": 213.83947719997704,
                            "children": {
                                "SubprocessEnvManager._take_step": {
                                    "total": 64.83234470001058,
                                    "count": 36132,
                                    "self": 1.5065974000129643,